1,2,3,4,5,6,7,8,9,10,11
010,01030,2850,"6 000,00","0,00","0,00","0,00","0,00","0,00","0,00","0,00"
"",,3890,"6 000,00","0,00","0,00","0,00","0,00","0,00","0,00","0,00"
"",,,,,,,,,,
600,60004,4150,"940 000,00","940 000,00","237 500,00","0,00","0,00","0,00","0,00","0,00"
600,60004,6060,"10 000,00","0,00","0,00","0,00","0,00","0,00","0,00","0,00"
"",,70814,"950 000,00","940 000,00","237 500,00","0,00","0,00","0,00","0,00","0,00"
"",,,,,,,,,,
600,60013,4300,"107 566,00","107 566,00","34 420,00","0,00","0,00","0,00","0,00","0,00"
1,2,3,4,5,6,7,8,9,10,11
"",,70963,"544 566,00","107 566,00","34 420,00","0,00","0,00","0,00","0,00","0,00"
"",,,,,,,,,,
600,60014,4300,"150 000,00","25 000,00","25 000,00","0,00","0,00","0,00","0,00","0,00"
"",,64914,"150 000,00","25 000,00","25 000,00","0,00","0,00","0,00","0,00","0,00"
"",,,,,,,,,,
600,60016,4170,"10 000,00","0,00","0,00","0,00","0,00","0,00","0,00","0,00"
600,60016,4210,"30 000,00","8 133,00","8 133,00","0,00","0,00","0,00","0,00","0,00"
600,60016,4260,"10 000,00","720,52","720,52","0,00","0,00","0,00","0,00","0,00"
600,60016,4270,"470 000,00","184 007,56","184 007,56","0,00","0,00","0,00","0,00","0,00"
600,60016,4300,"420 000,00","179 248,70","179 226,20","22,50","0,00","0,00","0,00","0,00"
600,60016,4430,"45 000,00","16 792,41","16 792,41","0,00","0,00","0,00","0,00","0,00"
600,60016,4590,"43 000,00","500,00","500,00","0,00","0,00","0,00","0,00","0,00"
600,60016,6050,"12 041 110,00","6 334 015,53","5 539,56","15,00","0,00","0,00","0,00","0,00"
"",,96896,"13 069 110,00","6 723 417,72","394 919,25","37,50","0,00","0,00","0,00","0,00"
"",,,,,,,,,,
630,63095,6050,"50 000,00","12 300,00","12 300,00","0,00","0,00","0,00","0,00","0,00"
"",,69775,"50 000,00","12 300,00","12 300,00","0,00","0,00","0,00","0,00","0,00"
"",,,,,,,,,,
700,70005,4210,"30 000,00","3 485,85","3 485,85","0,00","0,00","0,00","0,00","0,00"
700,70005,4260,"565 000,00","115 525,16","114 822,70","702,46","0,00","0,00","0,00","0,00"
700,70005,4270,"350 000,00","95 619,63","95 619,63","0,00","0,00","0,00","0,00","0,00"
700,70005,4300,"895 000,00","317 365,49","241 201,27","0,00","0,00","0,00","0,00","0,00"
700,70005,4400,"800 000,00","190 356,25","190 356,25","0,00","0,00","0,00","0,00","0,00"
700,70005,4430,"16 000,00","11 755,61","11 755,61","0,00","0,00","0,00","0,00","0,00"
700,70005,4480,"30 000,00","6 127,00","6 127,00","0,00","0,00","0,00","0,00","0,00"
700,70005,4600,"30 000,00","4 430,52","4 430,52","0,00","0,00","0,00","0,00","0,00"
700,70005,4610,"30 000,00","517,96","517,96","0,00","0,00","0,00","0,00","0,00"
1,2,3,4,5,6,7,8,9,10,11
700,70005,6060,"200 000,00","98 186,00","64 186,00","34 000,00","0,00","0,00","0,00","0,00"
"",,116325,"2 946 000,00","843 369,47","732 502,79","34 702,46","0,00","0,00","0,00","0,00"
"",,,,,,,,,,
700,70095,4300,"7 900,00","7 900,00","7 900,00","0,00","0,00","0,00","0,00","0,00"
700,70095,6050,"2 556 200,00","1 174 542,72","496 421,56","0,00","0,00","0,00","0,00","0,00"
"",,81145,"2 564 100,00","1 182 442,72","504 321,56","0,00","0,00","0,00","0,00","0,00"
"",,,,,,,,,,
710,71004,4110,"500,00","0,00","0,00","0,00","0,00","0,00","0,00","0,00"
710,71004,4120,"500,00","0,00","0,00","0,00","0,00","0,00","0,00","0,00"
710,71004,4170,"19 000,00","0,00","0,00","0,00","0,00","0,00","0,00","0,00"
710,71004,4300,"230 000,00","136 216,73","26 269,09","0,00","0,00","0,00","0,00","0,00"
"",,88414,"250 000,00","136 216,73","26 269,09","0,00","0,00","0,00","0,00","0,00"
"",,,,,,,,,,
710,71012,4300,"125 000,00","14 984,70","14 109,70","875,00","0,00","0,00","0,00","0,00"
710,71012,4380,"2 000,00","473,55","473,55","0,00","0,00","0,00","0,00","0,00"
710,71012,4430,"25 000,00","0,00","0,00","0,00","0,00","0,00","0,00","0,00"
"",,84832,"152 000,00","15 458,25","14 583,25","875,00","0,00","0,00","0,00","0,00"
"",,,,,,,,,,
710,71035,4270,"1 000,00","0,00","0,00","0,00","0,00","0,00","0,00","0,00"
710,71035,4300,"78 000,00","26 000,00","19 500,00","6 500,00","0,00","0,00","0,00","0,00"
"",,80315,"79 000,00","26 000,00","19 500,00","6 500,00","0,00","0,00","0,00","0,00"
"",,,,,,,,,,
750,75011,3020,"2 000,00","0,00","0,00","0,00","0,00","0,00","0,00","0,00"
750,75011,4010,"466 616,00","431 860,14","94 399,01","8 745,13","0,00","0,00","0,00","0,00"
750,75011,4040,"39 478,00","35 819,89","24 958,17","10 861,72","0,00","0,00","0,00","0,00"
750,75011,4110,"87 104,00","80 341,00","15 295,92","8 538,67","0,00","0,00","0,00","0,00"
750,75011,4120,"12 414,00","10 110,83","1 572,10","1 411,27","0,00","0,00","0,00","0,00"
1,2,3,4,5,6,7,8,9,10,11
750,75011,4210,"6 000,00","1 523,65","1 523,65","0,00","0,00","0,00","0,00","0,00"
750,75011,4220,"5 000,00","0,00","0,00","0,00","0,00","0,00","0,00","0,00"
750,75011,4300,"12 000,00","0,00","0,00","0,00","0,00","0,00","0,00","0,00"
750,75011,4440,"8 751,00","8 751,00","0,00","0,00","0,00","0,00","0,00","0,00"
"",,112231,"639 363,00","568 406,51","137 748,85","29 556,79","0,00","0,00","0,00","0,00"
"",,,,,,,,,,
750,75022,3030,"248 000,00","230 557,50","41 897,50","21 140,00","0,00","0,00","0,00","0,00"
750,75022,4210,"1 000,00","110,00","110,00","0,00","0,00","0,00","0,00","0,00"
750,75022,4220,"4 000,00","430,40","430,40","0,00","0,00","0,00","0,00","0,00"
750,75022,4300,"7 000,00","5 733,60","1 551,60","418,20","0,00","0,00","0,00","0,00"
"",,91532,"260 000,00","236 831,50","43 989,50","21 558,20","0,00","0,00","0,00","0,00"
"",,,,,,,,,,
750,75023,3020,"39 480,00","22 781,18","22 781,18","0,00","0,00","0,00","0,00","0,00"
750,75023,4010,"5 068 911,00","4 626 718,85","1 199 688,98","115 941,03","0,00","0,00","0,00","0,00"
750,75023,4040,"408 341,00","376 539,43","264 414,90","112 124,53","0,00","0,00","0,00","0,00"
750,75023,4100,"20 000,00","723,00","670,00","53,00","0,00","0,00","0,00","0,00"
750,75023,4110,"931 338,00","865 598,95","208 750,36","128 757,60","0,00","0,00","0,00","0,00"
750,75023,4120,"130 477,00","87 011,30","18 595,87","14 284,58","0,00","0,00","0,00","0,00"
750,75023,4140,"4 600,00","0,00","0,00","0,00","0,00","0,00","0,00","0,00"
750,75023,4170,"229 000,00","77 599,74","51 875,42","13 514,32","0,00","0,00","0,00","0,00"
750,75023,4210,"288 800,00","102 842,35","84 490,15","18 352,20","0,00","0,00","0,00","0,00"
750,75023,4220,"22 000,00","3 322,07","3 322,07","0,00","0,00","0,00","0,00","0,00"
750,75023,4240,"25 000,00","2 548,16","2 548,16","0,00","0,00","0,00","0,00","0,00"
750,75023,4260,"190 000,00","96 238,37","70 770,26","162,27","0,00","0,00","0,00","0,00"
750,75023,4270,"72 930,00","5 891,70","2 291,70","0,00","0,00","0,00","0,00","0,00"
750,75023,4280,"25 000,00","2 043,00","2 043,00","0,00","0,00","0,00","0,00","0,00"
750,75023,4300,"493 445,00","177 628,29","120 513,79","5 115,00","0,00","0,00","0,00","0,00"
1,2,3,4,5,6,7,8,9,10,11
750,75023,4360,"60 000,00","28 016,28","8 763,21","0,00","0,00","0,00","0,00","0,00"
750,75023,4410,"30 000,00","16 419,24","3 734,62","497,00","0,00","0,00","0,00","0,00"
750,75023,4420,"10 000,00","0,00","0,00","0,00","0,00","0,00","0,00","0,00"
750,75023,4430,"74 000,00","7 361,45","7 327,76","33,69","0,00","0,00","0,00","0,00"
750,75023,4440,"107 337,00","107 337,00","0,00","0,00","0,00","0,00","0,00","0,00"
750,75023,4530,"50 000,00","0,00","0,00","0,00","0,00","0,00","0,00","0,00"
750,75023,4580,"1 000,00","0,00","0,00","0,00","0,00","0,00","0,00","0,00"
750,75023,4610,"70 855,00","0,00","0,00","0,00","0,00","0,00","0,00","0,00"
750,75023,4700,"53 000,00","22 068,39","21 675,39","393,00","0,00","0,00","0,00","0,00"
750,75023,6050,"450 000,00","24 850,00","0,00","0,00","0,00","0,00","0,00","0,00"
750,75023,6060,"53 000,00","0,00","0,00","0,00","0,00","0,00","0,00","0,00"
"",,189853,"8 908 514,00","6 653 538,75","2 094 256,82","409 228,22","0,00","0,00","0,00","0,00"
"",,,,,,,,,,
750,75075,4170,"4 000,00","0,00","0,00","0,00","0,00","0,00","0,00","0,00"
750,75075,4190,"8 000,00","499,00","499,00","0,00","0,00","0,00","0,00","0,00"
750,75075,4210,"64 000,00","702,90","532,90","170,00","0,00","0,00","0,00","0,00"
750,75075,4220,"2 500,00","752,40","752,40","0,00","0,00","0,00","0,00","0,00"
750,75075,4300,"221 500,00","103 004,44","102 684,84","319,60","0,00","0,00","0,00","0,00"
750,75075,4380,"4 000,00","0,00","0,00","0,00","0,00","0,00","0,00","0,00"
750,75075,4430,"6 000,00","3 732,72","3 732,72","0,00","0,00","0,00","0,00","0,00"
"",,105725,"310 000,00","108 691,46","108 201,86","489,60","0,00","0,00","0,00","0,00"
"",,,,,,,,,,
750,75085,3020,"1 850,00","0,00","0,00","0,00","0,00","0,00","0,00","0,00"
750,75085,4010,"657 000,00","611 869,20","141 642,91","14 700,63","0,00","0,00","0,00","0,00"
750,75085,4040,"49 000,00","48 861,06","48 861,06","0,00","0,00","0,00","0,00","0,00"
750,75085,4110,"122 200,00","111 861,91","25 449,94","8 601,66","0,00","0,00","0,00","0,00"
750,75085,4120,"16 700,00","7 542,01","1 741,02","583,86","0,00","0,00","0,00","0,00"
1,2,3,4,5,6,7,8,9,10,11
750,75085,4170,"8 300,00","7 800,00","1 656,60","101,50","0,00","0,00","0,00","0,00"
750,75085,4210,"17 433,00","15 479,07","15 479,07","0,00","0,00","0,00","0,00","0,00"
750,75085,4260,"12 000,00","4 865,33","4 865,33","0,00","0,00","0,00","0,00","0,00"
750,75085,4280,"500,00","40,00","40,00","0,00","0,00","0,00","0,00","0,00"
750,75085,4300,"49 900,00","35 469,75","16 959,75","0,00","0,00","0,00","0,00","0,00"
750,75085,4360,"6 500,00","1 472,26","1 472,26","0,00","0,00","0,00","0,00","0,00"
750,75085,4440,"11 487,00","11 487,00","11 487,00","0,00","0,00","0,00","0,00","0,00"
750,75085,4700,"6 000,00","1 943,75","1 943,75","0,00","0,00","0,00","0,00","0,00"
"",,129855,"958 870,00","858 691,34","271 598,69","23 987,65","0,00","0,00","0,00","0,00"
"",,,,,,,,,,
751,75101,4110,"602,00","0,00","0,00","0,00","0,00","0,00","0,00","0,00"
751,75101,4120,"86,00","0,00","0,00","0,00","0,00","0,00","0,00","0,00"
751,75101,4170,"3 500,00","0,00","0,00","0,00","0,00","0,00","0,00","0,00"
751,75101,4210,"1 712,00","0,00","0,00","0,00","0,00","0,00","0,00","0,00"
"",,92462,"5 900,00","0,00","0,00","0,00","0,00","0,00","0,00","0,00"
"",,,,,,,,,,
752,75212,4170,"600,00","0,00","0,00","0,00","0,00","0,00","0,00","0,00"
752,75212,4210,"320,00","0,00","0,00","0,00","0,00","0,00","0,00","0,00"
"",,84344,"920,00","0,00","0,00","0,00","0,00","0,00","0,00","0,00"
"",,,,,,,,,,
754,75405,6170,"50 000,00","0,00","0,00","0,00","0,00","0,00","0,00","0,00"
"",,82329,"50 000,00","0,00","0,00","0,00","0,00","0,00","0,00","0,00"
"",,,,,,,,,,
754,75411,2300,"30 000,00","30 000,00","30 000,00","0,00","0,00","0,00","0,00","0,00"
754,75411,6170,"20 000,00","0,00","0,00","0,00","0,00","0,00","0,00","0,00"
"",,84635,"50 000,00","30 000,00","30 000,00","0,00","0,00","0,00","0,00","0,00"
"",,,,,,,,,,
1,2,3,4,5,6,7,8,9,10,11
754,75412,3020,"5 550,00","0,00","0,00","0,00","0,00","0,00","0,00","0,00"
754,75412,4190,"600,00","0,00","0,00","0,00","0,00","0,00","0,00","0,00"
754,75412,4210,"20 000,00","5 965,00","5 965,00","0,00","0,00","0,00","0,00","0,00"
754,75412,4260,"1 000,00","349,07","247,95","101,12","0,00","0,00","0,00","0,00"
754,75412,4270,"2 000,00","0,00","0,00","0,00","0,00","0,00","0,00","0,00"
754,75412,4280,"4 000,00","35,00","35,00","0,00","0,00","0,00","0,00","0,00"
754,75412,4300,"9 000,00","0,00","0,00","0,00","0,00","0,00","0,00","0,00"
754,75412,4430,"4 100,00","210,00","0,00","210,00","0,00","0,00","0,00","0,00"
754,75412,6050,"95 000,00","615,00","615,00","0,00","0,00","0,00","0,00","0,00"
"",,115176,"141 250,00","7 174,07","6 862,95","311,12","0,00","0,00","0,00","0,00"
"",,,,,,,,,,
754,75414,4170,"900,00","0,00","0,00","0,00","0,00","0,00","0,00","0,00"
754,75414,4260,"900,00","3,45","3,45","0,00","0,00","0,00","0,00","0,00"
754,75414,4300,"4 300,00","0,00","0,00","0,00","0,00","0,00","0,00","0,00"
"",,88898,"6 100,00","3,45","3,45","0,00","0,00","0,00","0,00","0,00"
"",,,,,,,,,,
754,75416,4010,"950 000,00","858 800,97","194 121,73","20 664,44","0,00","0,00","0,00","0,00"
754,75416,4040,"77 000,00","68 501,16","47 731,76","20 769,40","0,00","0,00","0,00","0,00"
754,75416,4110,"178 000,00","147 663,65","22 722,34","24 298,09","0,00","0,00","0,00","0,00"
754,75416,4120,"26 000,00","20 478,80","3 197,95","3 239,05","0,00","0,00","0,00","0,00"
754,75416,4170,"20 000,00","3 229,00","2 838,23","390,77","0,00","0,00","0,00","0,00"
754,75416,4210,"41 000,00","4 290,33","3 131,77","1 158,56","0,00","0,00","0,00","0,00"
754,75416,4260,"35 000,00","10 899,16","10 899,16","0,00","0,00","0,00","0,00","0,00"
754,75416,4280,"2 000,00","184,00","184,00","0,00","0,00","0,00","0,00","0,00"
754,75416,4300,"25 500,00","1 722,65","1 632,63","90,02","0,00","0,00","0,00","0,00"
754,75416,4360,"11 000,00","2 262,99","2 262,99","0,00","0,00","0,00","0,00","0,00"
754,75416,4410,"1 000,00","0,00","0,00","0,00","0,00","0,00","0,00","0,00"
1,2,3,4,5,6,7,8,9,10,11
754,75416,4430,"5 500,00","2 126,74","2 126,74","0,00","0,00","0,00","0,00","0,00"
754,75416,4440,"21 000,00","1 750,00","1 750,00","0,00","0,00","0,00","0,00","0,00"
754,75416,4480,"3 000,00","624,00","624,00","0,00","0,00","0,00","0,00","0,00"
754,75416,4700,"4 000,00","523,00","523,00","0,00","0,00","0,00","0,00","0,00"
"",,140490,"1 400 000,00","1 123 056,45","293 746,30","70 610,33","0,00","0,00","0,00","0,00"
"",,,,,,,,,,
754,75421,4210,"5 000,00","0,00","0,00","0,00","0,00","0,00","0,00","0,00"
754,75421,4300,"900,00","0,00","0,00","0,00","0,00","0,00","0,00","0,00"
"",,84685,"5 900,00","0,00","0,00","0,00","0,00","0,00","0,00","0,00"
"",,,,,,,,,,
754,75495,4430,"700,00","700,00","700,00","0,00","0,00","0,00","0,00","0,00"
754,75495,6050,"20 000,00","0,00","0,00","0,00","0,00","0,00","0,00","0,00"
"",,86729,"20 700,00","700,00","700,00","0,00","0,00","0,00","0,00","0,00"
"",,,,,,,,,,
757,75702,8110,"1 500 000,00","222 444,95","222 444,95","0,00","0,00","0,00","0,00","0,00"
"",,84569,"1 500 000,00","222 444,95","222 444,95","0,00","0,00","0,00","0,00","0,00"
"",,,,,,,,,,
758,75818,4810,"591 036,00","0,00","0,00","0,00","0,00","0,00","0,00","0,00"
"",,81386,"591 036,00","0,00","0,00","0,00","0,00","0,00","0,00","0,00"
"",,,,,,,,,,
801,80101,3020,"40 737,00","29 052,76","10 214,76","0,00","0,00","0,00","0,00","0,00"
801,80101,4010,"8 547 171,00","7 752 436,63","2 098 218,51","237 812,97","0,00","0,00","0,00","0,00"
801,80101,4040,"815 300,00","769 828,47","536 601,21","233 227,26","0,00","0,00","0,00","0,00"
801,80101,4110,"1 564 028,00","1 423 364,28","244 221,38","264 369,09","0,00","0,00","0,00","0,00"
801,80101,4120,"186 518,00","178 609,55","24 729,39","30 779,65","0,00","0,00","0,00","0,00"
801,80101,4140,"1 200,00","240,00","240,00","0,00","0,00","0,00","0,00","0,00"
801,80101,4170,"35 183,00","2 990,00","800,76","299,24","0,00","0,00","0,00","0,00"
1,2,3,4,5,6,7,8,9,10,11
801,80101,4210,"144 954,00","43 247,47","42 247,47","1 000,00","0,00","0,00","0,00","0,00"
801,80101,4240,"32 094,00","13 312,19","13 312,19","0,00","0,00","0,00","0,00","0,00"
801,80101,4260,"766 600,00","424 737,72","375 436,92","49 300,80","0,00","0,00","0,00","0,00"
801,80101,4270,"86 791,00","15 874,68","9 775,11","4 869,57","0,00","0,00","0,00","0,00"
801,80101,4280,"14 000,00","302,00","302,00","0,00","0,00","0,00","0,00","0,00"
801,80101,4300,"169 457,00","48 129,88","40 294,83","4 235,05","0,00","0,00","0,00","0,00"
801,80101,4360,"22 500,00","4 918,77","4 918,77","0,00","0,00","0,00","0,00","0,00"
801,80101,4410,"6 500,00","122,80","122,80","0,00","0,00","0,00","0,00","0,00"
801,80101,4430,"21 010,00","9 634,00","9 634,00","0,00","0,00","0,00","0,00","0,00"
801,80101,4440,"484 405,00","484 405,00","120 805,00","0,00","0,00","0,00","0,00","0,00"
801,80101,4530,"2 500,00","0,00","0,00","0,00","0,00","0,00","0,00","0,00"
801,80101,4700,"5 400,00","1 641,50","1 641,50","0,00","0,00","0,00","0,00","0,00"
801,80101,6050,"366 400,00","1 476,00","1 476,00","0,00","0,00","0,00","0,00","0,00"
"",,166992,"13 312 748,00","11 204 323,70","3 534 992,60","825 893,63","0,00","0,00","0,00","0,00"
"",,,,,,,,,,
801,80103,3020,"1 471,00","1 471,00","0,00","0,00","0,00","0,00","0,00","0,00"
801,80103,4010,"502 231,00","439 650,14","121 279,50","12 797,58","0,00","0,00","0,00","0,00"
801,80103,4040,"43 002,00","39 070,09","27 223,74","11 846,35","0,00","0,00","0,00","0,00"
801,80103,4110,"90 805,00","81 926,76","15 021,28","14 333,76","0,00","0,00","0,00","0,00"
801,80103,4120,"11 936,00","11 440,58","2 100,33","2 002,86","0,00","0,00","0,00","0,00"
801,80103,4440,"30 691,00","30 691,00","7 673,00","0,00","0,00","0,00","0,00","0,00"
"",,104644,"680 136,00","604 249,57","173 297,85","40 980,55","0,00","0,00","0,00","0,00"
"",,,,,,,,,,
801,80104,2310,"150 000,00","1 664,96","1 664,96","0,00","0,00","0,00","0,00","0,00"
801,80104,2540,"1 206 082,00","473 526,94","473 526,94","0,00","0,00","0,00","0,00","0,00"
801,80104,3020,"33 637,00","14 584,97","4 447,97","0,00","0,00","0,00","0,00","0,00"
801,80104,4010,"5 177 693,00","4 858 655,70","1 188 894,50","128 440,86","0,00","0,00","0,00","0,00"
1,2,3,4,5,6,7,8,9,10,11
801,80104,4040,"441 952,00","416 507,49","286 710,18","129 797,31","0,00","0,00","0,00","0,00"
801,80104,4110,"933 666,00","903 374,44","147 507,91","140 014,23","0,00","0,00","0,00","0,00"
801,80104,4120,"105 645,00","105 645,00","14 409,51","15 975,92","0,00","0,00","0,00","0,00"
801,80104,4140,"6 650,00","2 557,00","1 682,00","875,00","0,00","0,00","0,00","0,00"
801,80104,4170,"26 300,00","10 479,00","3 762,96","290,04","0,00","0,00","0,00","0,00"
801,80104,4210,"178 112,00","39 131,57","38 831,24","300,33","0,00","0,00","0,00","0,00"
801,80104,4220,"665 000,00","162 527,62","162 527,62","0,00","0,00","0,00","0,00","0,00"
801,80104,4240,"15 300,00","5 003,27","5 003,27","0,00","0,00","0,00","0,00","0,00"
801,80104,4260,"370 100,00","167 861,84","163 467,28","4 394,56","0,00","0,00","0,00","0,00"
801,80104,4270,"113 184,00","14 141,33","13 464,83","61,50","0,00","0,00","0,00","0,00"
801,80104,4280,"8 880,00","1 339,00","1 339,00","0,00","0,00","0,00","0,00","0,00"
801,80104,4300,"267 668,00","89 749,60","48 321,40","13 252,20","0,00","0,00","0,00","0,00"
801,80104,4360,"17 100,00","3 601,93","3 601,93","0,00","0,00","0,00","0,00","0,00"
801,80104,4410,"1 300,00","26,70","26,70","0,00","0,00","0,00","0,00","0,00"
801,80104,4430,"8 800,00","2 081,00","2 081,00","0,00","0,00","0,00","0,00","0,00"
801,80104,4440,"299 405,00","299 405,00","74 852,00","0,00","0,00","0,00","0,00","0,00"
801,80104,4700,"8 700,00","1 268,00","1 268,00","0,00","0,00","0,00","0,00","0,00"
801,80104,6050,"384 705,00","676,50","676,50","0,00","0,00","0,00","0,00","0,00"
"",,171535,"10 419 879,00","7 573 808,86","2 638 067,70","433 401,95","0,00","0,00","0,00","0,00"
"",,,,,,,,,,
801,80105,2540,"400 000,00","0,00","0,00","0,00","0,00","0,00","0,00","0,00"
"",,83446,"400 000,00","0,00","0,00","0,00","0,00","0,00","0,00","0,00"
"",,,,,,,,,,
801,80110,2540,"750 000,00","208 802,90","208 802,90","0,00","0,00","0,00","0,00","0,00"
801,80110,3020,"73 211,00","45 629,32","32 828,32","0,00","0,00","0,00","0,00","0,00"
801,80110,4010,"4 786 199,00","4 786 199,00","1 128 955,16","125 415,53","0,00","0,00","0,00","0,00"
801,80110,4040,"408 227,00","392 401,12","276 793,60","123 744,82","0,00","0,00","0,00","0,00"
1,2,3,4,5,6,7,8,9,10,11
801,80110,4110,"870 047,00","870 047,00","150 044,85","123 923,30","0,00","0,00","0,00","0,00"
801,80110,4120,"104 133,00","101 435,46","14 448,14","15 828,21","0,00","0,00","0,00","0,00"
801,80110,4170,"16 000,00","10 579,50","2 643,12","206,88","0,00","0,00","0,00","0,00"
801,80110,4210,"100 109,00","13 823,60","13 823,60","0,00","0,00","0,00","0,00","0,00"
801,80110,4240,"55 000,00","1 668,97","1 668,97","0,00","0,00","0,00","0,00","0,00"
801,80110,4260,"272 100,00","117 008,52","111 041,98","5 966,54","0,00","0,00","0,00","0,00"
801,80110,4270,"116 480,00","6 138,87","6 138,87","0,00","0,00","0,00","0,00","0,00"
801,80110,4280,"8 500,00","987,00","987,00","0,00","0,00","0,00","0,00","0,00"
801,80110,4300,"64 370,00","12 613,49","12 613,49","0,00","0,00","0,00","0,00","0,00"
801,80110,4360,"13 000,00","1 812,97","1 812,97","0,00","0,00","0,00","0,00","0,00"
801,80110,4410,"5 500,00","65,50","65,50","0,00","0,00","0,00","0,00","0,00"
801,80110,4430,"19 000,00","8 300,00","2 288,00","0,00","0,00","0,00","0,00","0,00"
801,80110,4440,"266 034,00","266 034,00","69 410,00","0,00","0,00","0,00","0,00","0,00"
801,80110,4700,"4 600,00","1 900,00","1 900,00","0,00","0,00","0,00","0,00","0,00"
"",,154821,"7 932 510,00","6 845 447,22","2 036 266,47","395 085,28","0,00","0,00","0,00","0,00"
"",,,,,,,,,,
801,80113,3030,"140 000,00","4 300,00","4 300,00","0,00","0,00","0,00","0,00","0,00"
801,80113,4300,"34 000,00","11 363,29","11 363,29","0,00","0,00","0,00","0,00","0,00"
"",,88244,"174 000,00","15 663,29","15 663,29","0,00","0,00","0,00","0,00","0,00"
"",,,,,,,,,,
801,80146,3030,"78 900,00","0,00","0,00","0,00","0,00","0,00","0,00","0,00"
801,80146,4010,"17 100,00","0,00","0,00","0,00","0,00","0,00","0,00","0,00"
801,80146,4110,"3 000,00","0,00","0,00","0,00","0,00","0,00","0,00","0,00"
801,80146,4210,"500,00","0,00","0,00","0,00","0,00","0,00","0,00","0,00"
801,80146,4700,"75 500,00","8 449,04","8 349,04","100,00","0,00","0,00","0,00","0,00"
"",,101007,"175 000,00","8 449,04","8 349,04","100,00","0,00","0,00","0,00","0,00"
"",,,,,,,,,,
1,2,3,4,5,6,7,8,9,10,11
801,80149,3020,"554,00","554,00","0,00","0,00","0,00","0,00","0,00","0,00"
801,80149,4010,"404 271,00","404 271,00","99 139,15","0,00","0,00","0,00","0,00","0,00"
801,80149,4040,"12 833,00","12 833,00","10 622,00","0,00","0,00","0,00","0,00","0,00"
801,80149,4110,"70 705,00","70 705,00","16 952,79","0,00","0,00","0,00","0,00","0,00"
801,80149,4120,"9 914,00","9 914,00","2 370,49","0,00","0,00","0,00","0,00","0,00"
801,80149,4440,"12 269,00","12 269,00","3 067,00","0,00","0,00","0,00","0,00","0,00"
"",,104690,"510 546,00","510 546,00","132 151,43","0,00","0,00","0,00","0,00","0,00"
"",,,,,,,,,,
801,80150,3020,"2 103,00","2 103,00","0,00","0,00","0,00","0,00","0,00","0,00"
801,80150,4010,"1 297 461,00","1 265 074,67","321 780,89","0,00","0,00","0,00","0,00","0,00"
801,80150,4040,"56 897,00","43 538,00","0,00","0,00","0,00","0,00","0,00","0,00"
801,80150,4110,"230 655,00","221 518,24","55 027,93","0,00","0,00","0,00","0,00","0,00"
801,80150,4120,"32 275,00","30 944,89","7 651,95","0,00","0,00","0,00","0,00","0,00"
801,80150,4440,"36 262,00","36 262,00","7 936,00","0,00","0,00","0,00","0,00","0,00"
"",,104691,"1 655 653,00","1 599 440,80","392 396,77","0,00","0,00","0,00","0,00","0,00"
"",,,,,,,,,,
801,80195,4010,"51 900,00","51 900,00","0,00","0,00","0,00","0,00","0,00","0,00"
801,80195,4110,"9 300,00","9 300,00","0,00","355,53","0,00","0,00","0,00","0,00"
801,80195,4120,"1 300,00","1 300,00","0,00","51,45","0,00","0,00","0,00","0,00"
801,80195,4170,"3 630,00","2 270,00","1 698,00","572,00","0,00","0,00","0,00","0,00"
801,80195,4210,"300,00","159,99","159,99","0,00","0,00","0,00","0,00","0,00"
801,80195,4220,"300,00","182,85","182,85","0,00","0,00","0,00","0,00","0,00"
801,80195,4300,"400,00","0,00","0,00","0,00","0,00","0,00","0,00","0,00"
801,80195,4440,"221 000,00","221 000,00","55 000,00","0,00","0,00","0,00","0,00","0,00"
"",,114576,"288 130,00","286 112,84","57 040,84","978,98","0,00","0,00","0,00","0,00"
"",,,,,,,,,,
851,85149,4300,"34 025,00","0,00","0,00","0,00","0,00","0,00","0,00","0,00"
1,2,3,4,5,6,7,8,9,10,11
"",,90300,"34 025,00","0,00","0,00","0,00","0,00","0,00","0,00","0,00"
"",,,,,,,,,,
851,85153,4170,"6 500,00","1 536,00","1 455,92","80,08","0,00","0,00","0,00","0,00"
851,85153,4210,"6 000,00","0,00","0,00","0,00","0,00","0,00","0,00","0,00"
"",,94384,"12 500,00","1 536,00","1 455,92","80,08","0,00","0,00","0,00","0,00"
"",,,,,,,,,,
851,85154,4010,"489 034,00","473 983,19","105 839,12","10 141,17","0,00","0,00","0,00","0,00"
851,85154,4040,"42 000,00","38 198,38","26 643,82","11 554,56","0,00","0,00","0,00","0,00"
851,85154,4110,"97 900,00","92 381,38","14 431,51","12 892,27","0,00","0,00","0,00","0,00"
851,85154,4120,"13 900,00","11 428,03","1 837,49","1 637,69","0,00","0,00","0,00","0,00"
851,85154,4170,"150 000,00","41 884,00","21 925,14","1 318,86","0,00","0,00","0,00","0,00"
851,85154,4190,"3 000,00","0,00","0,00","0,00","0,00","0,00","0,00","0,00"
851,85154,4210,"22 500,00","1 118,00","1 118,00","0,00","0,00","0,00","0,00","0,00"
851,85154,4220,"4 000,00","441,44","441,44","0,00","0,00","0,00","0,00","0,00"
851,85154,4260,"56 000,00","20 790,83","15 168,27","284,39","0,00","0,00","0,00","0,00"
851,85154,4280,"2 000,00","0,00","0,00","0,00","0,00","0,00","0,00","0,00"
851,85154,4300,"74 000,00","13 642,27","13 642,27","0,00","0,00","0,00","0,00","0,00"
851,85154,4360,"6 500,00","1 959,22","535,24","0,00","0,00","0,00","0,00","0,00"
851,85154,4410,"1 500,00","75,22","75,22","0,00","0,00","0,00","0,00","0,00"
851,85154,4430,"6 500,00","283,00","283,00","0,00","0,00","0,00","0,00","0,00"
851,85154,4440,"10 666,00","0,00","0,00","0,00","0,00","0,00","0,00","0,00"
851,85154,4700,"4 000,00","161,00","161,00","0,00","0,00","0,00","0,00","0,00"
"",,154255,"983 500,00","696 345,96","202 101,52","37 828,94","0,00","0,00","0,00","0,00"
"",,,,,,,,,,
851,85195,2820,"20 000,00","17 100,00","6 600,00","0,00","0,00","0,00","0,00","0,00"
851,85195,4010,"142,00","142,00","141,80","0,00","0,00","0,00","0,00","0,00"
851,85195,4110,"25,00","25,00","24,93","0,00","0,00","0,00","0,00","0,00"
1,2,3,4,5,6,7,8,9,10,11
851,85195,4120,"4,00","4,00","3,47","0,00","0,00","0,00","0,00","0,00"
851,85195,4210,"1 500,00","0,00","0,00","0,00","0,00","0,00","0,00","0,00"
851,85195,4300,"2 049,00","48,23","48,23","0,00","0,00","0,00","0,00","0,00"
"",,109616,"23 720,00","17 319,23","6 818,43","0,00","0,00","0,00","0,00","0,00"
"",,,,,,,,,,
852,85202,4330,"950 000,00","248 607,72","248 607,72","0,00","0,00","0,00","0,00","0,00"
"",,90384,"950 000,00","248 607,72","248 607,72","0,00","0,00","0,00","0,00","0,00"
"",,,,,,,,,,
852,85205,4110,"2 000,00","2 000,00","149,07","335,42","0,00","0,00","0,00","0,00"
852,85205,4170,"20 000,00","20 000,00","2 275,77","480,23","0,00","0,00","0,00","0,00"
852,85205,4210,"500,00","0,00","0,00","0,00","0,00","0,00","0,00","0,00"
852,85205,4300,"1 000,00","0,00","0,00","0,00","0,00","0,00","0,00","0,00"
852,85205,4700,"1 000,00","0,00","0,00","0,00","0,00","0,00","0,00","0,00"
"",,107547,"24 500,00","22 000,00","2 424,84","815,65","0,00","0,00","0,00","0,00"
"",,,,,,,,,,
852,85213,2910,"2 200,00","234,00","234,00","0,00","0,00","0,00","0,00","0,00"
852,85213,4130,"84 537,00","29 638,75","22 306,19","7 332,56","0,00","0,00","0,00","0,00"
852,85213,4139,"5 000,00","434,88","0,00","434,88","0,00","0,00","0,00","0,00"
"",,97244,"91 737,00","30 307,63","22 540,19","7 767,44","0,00","0,00","0,00","0,00"
"",,,,,,,,,,
852,85214,3110,"371 760,00","104 679,50","104 679,50","0,00","0,00","0,00","0,00","0,00"
852,85214,3119,"30 000,00","0,00","0,00","0,00","0,00","0,00","0,00","0,00"
"",,92295,"401 760,00","104 679,50","104 679,50","0,00","0,00","0,00","0,00","0,00"
"",,,,,,,,,,
852,85215,3110,"556 550,11","107 461,10","107 461,10","0,00","0,00","0,00","0,00","0,00"
"",,89177,"556 550,11","107 461,10","107 461,10","0,00","0,00","0,00","0,00","0,00"
"",,,,,,,,,,
1,2,3,4,5,6,7,8,9,10,11
852,85216,2910,"20 000,00","1 164,43","1 164,43","0,00","0,00","0,00","0,00","0,00"
852,85216,3110,"439 192,00","168 325,48","168 325,48","0,00","0,00","0,00","0,00","0,00"
"",,92088,"459 192,00","169 489,91","169 489,91","0,00","0,00","0,00","0,00","0,00"
"",,,,,,,,,,
852,85219,3020,"5 000,00","2 394,85","2 394,85","0,00","0,00","0,00","0,00","0,00"
852,85219,3110,"1 901,00","1 565,96","1 565,96","0,00","0,00","0,00","0,00","0,00"
852,85219,4010,"1 821 490,00","1 821 490,00","355 534,02","39 802,52","0,00","0,00","0,00","0,00"
852,85219,4040,"135 000,00","129 920,59","89 984,76","39 935,83","0,00","0,00","0,00","0,00"
852,85219,4110,"323 000,00","323 000,00","48 545,69","42 968,68","0,00","0,00","0,00","0,00"
852,85219,4120,"45 000,00","45 000,00","3 843,89","4 020,32","0,00","0,00","0,00","0,00"
852,85219,4170,"5 000,00","5 000,00","675,00","125,00","0,00","0,00","0,00","0,00"
852,85219,4210,"45 000,00","5 540,58","5 540,58","0,00","0,00","0,00","0,00","0,00"
852,85219,4260,"23 000,00","10 094,79","10 094,79","0,00","0,00","0,00","0,00","0,00"
852,85219,4270,"2 000,00","0,00","0,00","0,00","0,00","0,00","0,00","0,00"
852,85219,4280,"1 000,00","72,00","72,00","0,00","0,00","0,00","0,00","0,00"
852,85219,4300,"58 000,00","19 714,69","16 356,31","3 358,38","0,00","0,00","0,00","0,00"
852,85219,4360,"7 000,00","1 864,92","1 864,92","0,00","0,00","0,00","0,00","0,00"
852,85219,4410,"15 000,00","2 548,20","2 548,20","0,00","0,00","0,00","0,00","0,00"
852,85219,4430,"2 500,00","232,85","232,85","0,00","0,00","0,00","0,00","0,00"
852,85219,4440,"45 000,00","0,00","0,00","0,00","0,00","0,00","0,00","0,00"
852,85219,4480,"3 500,00","1 698,00","1 698,00","0,00","0,00","0,00","0,00","0,00"
852,85219,4610,"200,00","0,00","0,00","0,00","0,00","0,00","0,00","0,00"
852,85219,4700,"5 500,00","1 540,65","1 540,65","0,00","0,00","0,00","0,00","0,00"
"",,165401,"2 544 091,00","2 371 678,08","542 492,47","130 210,73","0,00","0,00","0,00","0,00"
"",,,,,,,,,,
852,85228,2910,"1 000,00","0,00","0,00","0,00","0,00","0,00","0,00","0,00"
852,85228,4170,"8 198,00","8 198,00","1 229,60","150,40","0,00","0,00","0,00","0,00"
1,2,3,4,5,6,7,8,9,10,11
852,85228,4300,"12 800,00","2 850,00","2 850,00","0,00","0,00","0,00","0,00","0,00"
"",,97460,"21 998,00","11 048,00","4 079,60","150,40","0,00","0,00","0,00","0,00"
"",,,,,,,,,,
852,85230,3110,"375 537,00","134 311,80","131 448,15","2 863,65","0,00","0,00","0,00","0,00"
"",,89192,"375 537,00","134 311,80","131 448,15","2 863,65","0,00","0,00","0,00","0,00"
"",,,,,,,,,,
852,85295,2910,"2 000,00","0,00","0,00","0,00","0,00","0,00","0,00","0,00"
852,85295,3117,"31 500,00","0,00","0,00","0,00","0,00","0,00","0,00","0,00"
852,85295,4017,"63 000,00","63 000,00","5 716,64","455,14","0,00","0,00","0,00","0,00"
852,85295,4117,"11 100,00","11 100,00","821,30","263,70","0,00","0,00","0,00","0,00"
852,85295,4127,"1 500,00","1 500,00","114,46","36,75","0,00","0,00","0,00","0,00"
852,85295,4177,"12 500,00","12 500,00","0,00","0,00","0,00","0,00","0,00","0,00"
852,85295,4210,"2 000,00","340,71","340,71","0,00","0,00","0,00","0,00","0,00"
852,85295,4217,"12 350,00","7 944,16","7 944,16","0,00","0,00","0,00","0,00","0,00"
852,85295,4300,"1 000,00","0,00","0,00","0,00","0,00","0,00","0,00","0,00"
852,85295,4307,"112 533,75","42,00","42,00","0,00","0,00","0,00","0,00","0,00"
852,85295,4309,"8 167,00","0,00","0,00","0,00","0,00","0,00","0,00","0,00"
852,85295,4437,"4 400,00","4 396,88","4 396,88","0,00","0,00","0,00","0,00","0,00"
"",,134392,"262 050,75","100 823,75","19 376,15","755,59","0,00","0,00","0,00","0,00"
"",,,,,,,,,,
853,85311,2320,"19 000,00","0,00","0,00","0,00","0,00","0,00","0,00","0,00"
"",,88484,"19 000,00","0,00","0,00","0,00","0,00","0,00","0,00","0,00"
"",,,,,,,,,,
854,85401,3020,"4 356,00","4 356,00","2 239,00","0,00","0,00","0,00","0,00","0,00"
854,85401,4010,"1 476 701,00","1 353 175,70","367 124,53","39 132,39","0,00","0,00","0,00","0,00"
854,85401,4040,"134 464,00","130 167,61","88 943,77","41 223,84","0,00","0,00","0,00","0,00"
854,85401,4110,"274 315,00","254 155,33","51 245,80","38 897,98","0,00","0,00","0,00","0,00"
1,2,3,4,5,6,7,8,9,10,11
854,85401,4120,"35 396,00","32 154,31","5 532,98","5 510,72","0,00","0,00","0,00","0,00"
854,85401,4300,"182 200,00","53 697,60","53 697,60","0,00","0,00","0,00","0,00","0,00"
854,85401,4440,"93 283,00","93 283,00","21 775,00","0,00","0,00","0,00","0,00","0,00"
"",,114295,"2 200 715,00","1 920 989,55","590 558,68","124 764,93","0,00","0,00","0,00","0,00"
"",,,,,,,,,,
854,85415,3240,"43 925,00","0,00","0,00","0,00","0,00","0,00","0,00","0,00"
854,85415,3260,"3 000,00","0,00","0,00","0,00","0,00","0,00","0,00","0,00"
"",,92769,"46 925,00","0,00","0,00","0,00","0,00","0,00","0,00","0,00"
"",,,,,,,,,,
854,85416,3240,"20 000,00","0,00","0,00","0,00","0,00","0,00","0,00","0,00"
"",,89510,"20 000,00","0,00","0,00","0,00","0,00","0,00","0,00","0,00"
"",,,,,,,,,,
854,85446,3030,"5 000,00","0,00","0,00","0,00","0,00","0,00","0,00","0,00"
"",,89330,"5 000,00","0,00","0,00","0,00","0,00","0,00","0,00","0,00"
"",,,,,,,,,,
855,85501,2910,"5 000,00","4 209,70","4 209,70","0,00","0,00","0,00","0,00","0,00"
855,85501,3020,"300,00","148,85","148,85","0,00","0,00","0,00","0,00","0,00"
855,85501,3110,"16 344 499,00","4 602 071,20","4 602 071,20","0,00","0,00","0,00","0,00","0,00"
855,85501,4010,"140 800,00","140 800,00","32 137,50","2 541,60","0,00","0,00","0,00","0,00"
855,85501,4040,"9 500,00","9 316,71","6 492,34","2 824,37","0,00","0,00","0,00","0,00"
855,85501,4110,"26 500,00","26 500,00","4 455,36","3 200,26","0,00","0,00","0,00","0,00"
855,85501,4120,"4 000,00","4 000,00","457,99","250,35","0,00","0,00","0,00","0,00"
855,85501,4210,"30 000,00","1 077,69","888,69","189,00","0,00","0,00","0,00","0,00"
855,85501,4280,"300,00","0,00","0,00","0,00","0,00","0,00","0,00","0,00"
855,85501,4300,"30 000,00","2 621,72","2 107,72","514,00","0,00","0,00","0,00","0,00"
855,85501,4440,"2 500,00","0,00","0,00","0,00","0,00","0,00","0,00","0,00"
855,85501,4560,"1 000,00","152,02","152,02","0,00","0,00","0,00","0,00","0,00"
1,2,3,4,5,6,7,8,9,10,11
855,85501,4700,"5 000,00","0,00","0,00","0,00","0,00","0,00","0,00","0,00"
"",,138166,"16 599 399,00","4 790 897,89","4 653 121,37","9 519,58","0,00","0,00","0,00","0,00"
"",,,,,,,,,,
855,85502,2910,"24 800,00","5 794,24","5 794,24","0,00","0,00","0,00","0,00","0,00"
855,85502,3020,"600,00","199,33","199,33","0,00","0,00","0,00","0,00","0,00"
855,85502,3110,"6 624 983,00","1 774 682,61","1 774 682,61","0,00","0,00","0,00","0,00","0,00"
855,85502,4010,"150 038,00","150 038,00","43 220,23","3 773,08","0,00","0,00","0,00","0,00"
855,85502,4040,"13 000,00","12 771,59","8 899,25","3 872,34","0,00","0,00","0,00","0,00"
855,85502,4110,"288 700,00","288 700,00","78 247,14","33 616,03","0,00","0,00","0,00","0,00"
855,85502,4120,"4 000,00","4 000,00","365,07","164,59","0,00","0,00","0,00","0,00"
855,85502,4210,"3 000,00","293,92","293,92","0,00","0,00","0,00","0,00","0,00"
855,85502,4280,"100,00","0,00","0,00","0,00","0,00","0,00","0,00","0,00"
855,85502,4300,"6 500,00","2 572,86","2 449,86","123,00","0,00","0,00","0,00","0,00"
855,85502,4440,"4 500,00","0,00","0,00","0,00","0,00","0,00","0,00","0,00"
855,85502,4560,"8 000,00","711,23","711,23","0,00","0,00","0,00","0,00","0,00"
855,85502,4610,"500,00","173,80","173,80","0,00","0,00","0,00","0,00","0,00"
855,85502,4700,"2 000,00","0,00","0,00","0,00","0,00","0,00","0,00","0,00"
"",,142777,"7 130 721,00","2 239 937,58","1 915 036,68","41 549,04","0,00","0,00","0,00","0,00"
"",,,,,,,,,,
855,85503,4210,"174,20","0,00","0,00","0,00","0,00","0,00","0,00","0,00"
"",,90568,"174,20","0,00","0,00","0,00","0,00","0,00","0,00","0,00"
"",,,,,,,,,,
855,85504,3020,"400,00","152,89","152,89","0,00","0,00","0,00","0,00","0,00"
855,85504,4010,"83 000,00","83 000,00","22 869,94","2 327,16","0,00","0,00","0,00","0,00"
855,85504,4040,"7 000,00","5 186,75","3 614,84","1 571,91","0,00","0,00","0,00","0,00"
855,85504,4110,"15 800,00","15 800,00","4 590,55","575,25","0,00","0,00","0,00","0,00"
855,85504,4120,"2 200,00","2 200,00","388,29","331,65","0,00","0,00","0,00","0,00"
1,2,3,4,5,6,7,8,9,10,11
855,85504,4280,"100,00","0,00","0,00","0,00","0,00","0,00","0,00","0,00"
855,85504,4300,"100,00","0,00","0,00","0,00","0,00","0,00","0,00","0,00"
855,85504,4360,"100,00","0,00","0,00","0,00","0,00","0,00","0,00","0,00"
855,85504,4410,"300,00","0,00","0,00","0,00","0,00","0,00","0,00","0,00"
855,85504,4440,"3 800,00","0,00","0,00","0,00","0,00","0,00","0,00","0,00"
855,85504,4700,"1 200,00","955,00","955,00","0,00","0,00","0,00","0,00","0,00"
"",,132149,"114 000,00","107 294,64","32 571,51","4 805,97","0,00","0,00","0,00","0,00"
"",,,,,,,,,,
855,85505,2540,"150 000,00","36 710,00","36 710,00","0,00","0,00","0,00","0,00","0,00"
"",,88900,"150 000,00","36 710,00","36 710,00","0,00","0,00","0,00","0,00","0,00"
"",,,,,,,,,,
855,85508,4330,"70 000,00","23 936,43","15 357,38","8 579,05","0,00","0,00","0,00","0,00"
"",,90693,"70 000,00","23 936,43","15 357,38","8 579,05","0,00","0,00","0,00","0,00"
"",,,,,,,,,,
855,85510,4330,"100 000,00","10 628,31","7 016,09","3 612,22","0,00","0,00","0,00","0,00"
"",,90695,"100 000,00","10 628,31","7 016,09","3 612,22","0,00","0,00","0,00","0,00"
"",,,,,,,,,,
855,85595,3110,"4 000,00","4 000,00","4 000,00","0,00","0,00","0,00","0,00","0,00"
855,85595,4010,"103,00","103,00","0,00","0,00","0,00","0,00","0,00","0,00"
855,85595,4110,"18,00","18,00","0,00","0,00","0,00","0,00","0,00","0,00"
855,85595,4120,"2,00","2,00","0,00","0,00","0,00","0,00","0,00","0,00"
"",,101800,"4 123,00","4 123,00","4 000,00","0,00","0,00","0,00","0,00","0,00"
"",,,,,,,,,,
900,90001,4110,"500,00","0,00","0,00","0,00","0,00","0,00","0,00","0,00"
900,90001,4270,"100 000,00","0,00","0,00","0,00","0,00","0,00","0,00","0,00"
900,90001,4300,"260 000,00","127 176,81","127 176,81","0,00","0,00","0,00","0,00","0,00"
900,90001,4390,"20 000,00","7 380,00","7 380,00","0,00","0,00","0,00","0,00","0,00"
1,2,3,4,5,6,7,8,9,10,11
900,90001,4430,"5 000,00","1 976,40","1 976,40","0,00","0,00","0,00","0,00","0,00"
900,90001,6050,"1 138 000,00","369,00","369,00","0,00","0,00","0,00","0,00","0,00"
"",,118451,"1 523 500,00","136 902,21","136 902,21","0,00","0,00","0,00","0,00","0,00"
"",,,,,,,,,,
900,90002,4300,"3 560 000,00","1 154 460,03","887 970,03","266 490,00","0,00","0,00","0,00","0,00"
"",,95202,"3 560 000,00","1 154 460,03","887 970,03","266 490,00","0,00","0,00","0,00","0,00"
"",,,,,,,,,,
900,90003,4190,"8 000,00","0,00","0,00","0,00","0,00","0,00","0,00","0,00"
900,90003,4210,"7 000,00","0,00","0,00","0,00","0,00","0,00","0,00","0,00"
900,90003,4300,"2 620 134,00","779 313,10","697 015,19","80 461,91","0,00","0,00","0,00","0,00"
"",,103603,"2 635 134,00","779 313,10","697 015,19","80 461,91","0,00","0,00","0,00","0,00"
"",,,,,,,,,,
900,90004,4170,"6 000,00","0,00","0,00","0,00","0,00","0,00","0,00","0,00"
900,90004,4210,"4 000,00","0,00","0,00","0,00","0,00","0,00","0,00","0,00"
900,90004,4300,"988 000,00","24 221,86","24 221,86","0,00","0,00","0,00","0,00","0,00"
900,90004,4390,"5 000,00","0,00","0,00","0,00","0,00","0,00","0,00","0,00"
900,90004,6050,"35 000,00","0,00","0,00","0,00","0,00","0,00","0,00","0,00"
"",,114024,"1 038 000,00","24 221,86","24 221,86","0,00","0,00","0,00","0,00","0,00"
"",,,,,,,,,,
900,90005,4011,"25 080,00","13 680,00","3 145,18","274,82","0,00","0,00","0,00","0,00"
900,90005,4012,"16 720,00","9 120,00","2 049,77","230,23","0,00","0,00","0,00","0,00"
900,90005,4111,"4 312,00","2 351,52","391,92","195,96","0,00","0,00","0,00","0,00"
900,90005,4112,"2 875,00","1 567,80","261,30","130,65","0,00","0,00","0,00","0,00"
900,90005,4121,"616,00","335,16","55,86","27,93","0,00","0,00","0,00","0,00"
900,90005,4122,"411,00","223,44","37,24","18,62","0,00","0,00","0,00","0,00"
900,90005,4300,"50 000,00","0,00","0,00","0,00","0,00","0,00","0,00","0,00"
900,90005,4301,"8 000,00","0,00","0,00","0,00","0,00","0,00","0,00","0,00"
1,2,3,4,5,6,7,8,9,10,11
900,90005,4302,"1 166,00","0,00","0,00","0,00","0,00","0,00","0,00","0,00"
900,90005,4411,"1 000,00","102,00","102,00","0,00","0,00","0,00","0,00","0,00"
900,90005,4421,"4 000,00","0,00","0,00","0,00","0,00","0,00","0,00","0,00"
900,90005,4701,"2 000,00","0,00","0,00","0,00","0,00","0,00","0,00","0,00"
900,90005,4952,"500,00","0,00","0,00","0,00","0,00","0,00","0,00","0,00"
"",,146782,"116 680,00","27 379,92","6 043,27","878,21","0,00","0,00","0,00","0,00"
"",,,,,,,,,,
900,90015,4210,"40 000,00","30 318,02","30 318,02","0,00","0,00","0,00","0,00","0,00"
900,90015,4260,"1 270 000,00","356 932,70","261 963,21","94 969,49","0,00","0,00","0,00","0,00"
900,90015,4270,"30 000,00","0,00","0,00","0,00","0,00","0,00","0,00","0,00"
900,90015,4300,"450 000,00","203 280,33","113 502,63","0,00","0,00","0,00","0,00","0,00"
900,90015,4580,"100,00","0,55","0,55","0,00","0,00","0,00","0,00","0,00"
900,90015,6050,"726 000,00","14,00","14,00","0,00","0,00","0,00","0,00","0,00"
"",,118585,"2 516 100,00","590 545,60","405 798,41","94 969,49","0,00","0,00","0,00","0,00"
"",,,,,,,,,,
900,90095,3020,"20 000,00","439,81","372,51","67,30","0,00","0,00","0,00","0,00"
900,90095,4018,"12 788,37","0,00","0,00","0,00","0,00","0,00","0,00","0,00"
900,90095,4019,"3 928,45","0,00","0,00","0,00","0,00","0,00","0,00","0,00"
900,90095,4118,"5 519,42","3 529,09","0,00","1 176,37","0,00","0,00","0,00","0,00"
900,90095,4119,"1 695,50","1 084,10","0,00","361,36","0,00","0,00","0,00","0,00"
900,90095,4128,"786,66","502,97","0,00","167,65","0,00","0,00","0,00","0,00"
900,90095,4129,"241,65","154,51","0,00","51,51","0,00","0,00","0,00","0,00"
900,90095,4170,"1 000,00","0,00","0,00","0,00","0,00","0,00","0,00","0,00"
900,90095,4178,"20 529,92","20 529,92","5 450,49","1 392,82","0,00","0,00","0,00","0,00"
900,90095,4179,"6 306,58","6 306,58","1 674,33","427,86","0,00","0,00","0,00","0,00"
900,90095,4210,"41 000,00","1 238,23","1 089,44","148,79","0,00","0,00","0,00","0,00"
900,90095,4220,"5 000,00","738,72","493,70","245,02","0,00","0,00","0,00","0,00"
1,2,3,4,5,6,7,8,9,10,11
900,90095,4260,"10 000,00","909,47","909,47","0,00","0,00","0,00","0,00","0,00"
900,90095,4300,"312 740,61","165 237,10","113 413,23","0,00","0,00","0,00","0,00","0,00"
900,90095,4308,"11 829,08","2 415,99","2 415,99","0,00","0,00","0,00","0,00","0,00"
900,90095,4309,"3 633,76","742,17","742,17","0,00","0,00","0,00","0,00","0,00"
900,90095,4430,"55 000,00","45 211,00","45 211,00","0,00","0,00","0,00","0,00","0,00"
900,90095,6050,"857 000,00","429 988,40","17 323,40","0,00","0,00","0,00","0,00","0,00"
"",,167160,"1 369 000,00","679 028,06","189 095,73","4 038,68","0,00","0,00","0,00","0,00"
"",,,,,,,,,,
921,92105,2820,"80 000,00","19 500,00","1 700,00","0,00","0,00","0,00","0,00","0,00"
921,92105,4170,"10 000,00","0,00","0,00","0,00","0,00","0,00","0,00","0,00"
921,92105,4210,"1 500,00","0,00","0,00","0,00","0,00","0,00","0,00","0,00"
921,92105,4300,"10 000,00","0,00","0,00","0,00","0,00","0,00","0,00","0,00"
"",,108526,"101 500,00","19 500,00","1 700,00","0,00","0,00","0,00","0,00","0,00"
"",,,,,,,,,,
921,92109,2480,"1 400 000,00","1 400 000,00","350 000,00","0,00","0,00","0,00","0,00","0,00"
"",,95510,"1 400 000,00","1 400 000,00","350 000,00","0,00","0,00","0,00","0,00","0,00"
"",,,,,,,,,,
921,92116,2480,"1 870 000,00","1 870 000,00","440 000,00","0,00","0,00","0,00","0,00","0,00"
"",,95517,"1 870 000,00","1 870 000,00","440 000,00","0,00","0,00","0,00","0,00","0,00"
"",,,,,,,,,,
921,92118,2480,"985 000,00","985 000,00","240 000,00","0,00","0,00","0,00","0,00","0,00"
921,92118,6220,"150 000,00","0,00","0,00","0,00","0,00","0,00","0,00","0,00"
"",,101739,"1 135 000,00","985 000,00","240 000,00","0,00","0,00","0,00","0,00","0,00"
"",,,,,,,,,,
921,92120,4270,"10 000,00","0,00","0,00","0,00","0,00","0,00","0,00","0,00"
921,92120,4300,"15 000,00","0,00","0,00","0,00","0,00","0,00","0,00","0,00"
921,92120,6050,"90 000,00","0,00","0,00","0,00","0,00","0,00","0,00","0,00"
1,2,3,4,5,6,7,8,9,10,11
921,92120,6570,"15 000,00","0,00","0,00","0,00","0,00","0,00","0,00","0,00"
"",,114231,"130 000,00","0,00","0,00","0,00","0,00","0,00","0,00","0,00"
"",,,,,,,,,,
926,92601,3020,"2 000,00","0,00","0,00","0,00","0,00","0,00","0,00","0,00"
926,92601,4010,"1 936 289,00","1 558 883,67","372 551,28","38 878,74","0,00","0,00","0,00","0,00"
926,92601,4040,"140 273,00","135 265,33","94 342,68","40 924,65","0,00","0,00","0,00","0,00"
926,92601,4110,"353 913,00","291 315,41","46 504,03","46 248,22","0,00","0,00","0,00","0,00"
926,92601,4120,"49 417,00","34 050,38","5 564,63","5 563,24","0,00","0,00","0,00","0,00"
926,92601,4170,"380 000,00","167 356,69","60 094,28","6 491,68","0,00","0,00","0,00","0,00"
926,92601,4190,"1 000,00","0,00","0,00","0,00","0,00","0,00","0,00","0,00"
926,92601,4210,"135 392,00","53 803,31","46 390,94","7 412,37","0,00","0,00","0,00","0,00"
926,92601,4260,"970 000,00","350 194,43","198 683,12","21 621,10","0,00","0,00","0,00","0,00"
926,92601,4270,"7 500,00","2 653,00","1 353,00","1 300,00","0,00","0,00","0,00","0,00"
926,92601,4280,"3 050,00","262,00","262,00","0,00","0,00","0,00","0,00","0,00"
926,92601,4300,"330 816,00","190 009,39","69 934,27","6 219,29","0,00","0,00","0,00","0,00"
926,92601,4360,"13 200,00","7 798,59","2 432,16","0,00","0,00","0,00","0,00","0,00"
926,92601,4390,"25 000,00","5 132,48","4 821,29","311,19","0,00","0,00","0,00","0,00"
926,92601,4410,"13 500,00","9 339,37","2 361,85","207,00","0,00","0,00","0,00","0,00"
926,92601,4430,"58 000,00","11 589,65","9 582,39","2 007,26","0,00","0,00","0,00","0,00"
926,92601,4440,"47 150,00","31 600,00","3 000,00","0,00","0,00","0,00","0,00","0,00"
926,92601,4530,"1 000,00","0,00","0,00","0,00","0,00","0,00","0,00","0,00"
926,92601,4700,"5 500,00","3 089,00","1 789,00","1 300,00","0,00","0,00","0,00","0,00"
"",,173767,"4 473 000,00","2 852 342,70","919 666,92","178 484,74","0,00","0,00","0,00","0,00"
"",,,,,,,,,,
926,92605,2820,"365 000,00","338 200,00","107 200,00","202 500,00","0,00","0,00","0,00","0,00"
926,92605,4300,"50 000,00","0,00","0,00","0,00","0,00","0,00","0,00","0,00"
1,2,3,4,5,6,7,8,9,10,11
"",,100651,"415 000,00","338 200,00","107 200,00","202 500,00","0,00","0,00","0,00","0,00"
"",,,,,,,,,,
926,92695,6050,"831 580,00","420 973,15","676,50","0,00","0,00","0,00","0,00","0,00"
"",,99671,"831 580,00","420 973,15","676,50","0,00","0,00","0,00","0,00","0,00"
"",,,,,,,,,,
"MINISTERSTWO FINANSÓW, ul. Świętokrzyska 12, 00-916 Warszawa",,,,,,,,,,,,,,,,,,,,,,,,
"Nazwa i adres jednostki sprawozdawczejUrząd Miastaul.Kazimierza Wielkiego 232-700  BOCHNIA","Rb-28Ssprawozdanie z wykonania planu wydatków budżetowychzbiorczookres sprawozdawczyod początku roku do dnia 31 marca roku 2017","Adresat:Regionalna Izba Obrachunkowa wKrakowie4EC2150156D6F101",,,,,,,,,,,,,,,,,,,,,,
"Numer identyfikacyjny REGON851661033",,,,,,,,,,,,,,,,,,,,,,,,
"Nazwa województwamałopolskie1)Nazwa powiatu / związkubocheńskiNazwa gminy / związku 1)BOCHNIA",SYMBOLE,Przed wypełnieniem przeczytać instrukcję,,,,,,,,,,,,,,,,,,,,,,
WOJ.,POWIAT,GMINA,TYP GM.,ZWIĄZEK JST,TYP ZW.,,,,,,,,,,,,,,,,,,,
12,01,01,1,,,,,,,,,,,,,,,,,,,,,
"Adresat:Regionalna Izba Obrachunkowa wKrakowie4EC2150156D6F101"
""
"Adresat:Regionalna Izba Obrachunkowa wKrakowie4EC2150156D6F101",,,,,,,
"",,,,,,,
"Adresat:Regionalna Izba Obrachunkowa wKrakowie4EC2150156D6F101"
""
"Adresat:Regionalna Izba Obrachunkowa wKrakowie4EC2150156D6F101",
"",
"Adresat:Regionalna Izba Obrachunkowa wKrakowie4EC2150156D6F101",
"",
"Adresat:Regionalna Izba Obrachunkowa wKrakowie4EC2150156D6F101"
""
"Adresat:Regionalna Izba Obrachunkowa wKrakowie4EC2150156D6F101",
"",
"Adresat:Regionalna Izba Obrachunkowa wKrakowie4EC2150156D6F101",
"",
"Adresat:Regionalna Izba Obrachunkowa wKrakowie4EC2150156D6F101",,
"",,
"Adresat:Regionalna Izba Obrachunkowa wKrakowie4EC2150156D6F101",
"",
Klasyfikacja budżetowa,,,,Zobowiązania wg stanu na koniec okresu spraw.,"Wydatki,zrealizowane wramach funduszusołeckiego 2)","Wydatki, które niewygasły z upływem2)roku budżetowego(art.263 ust. 2ustawy o finansachpublicznych)",,,,
dział,rozdział,paragraf,"Plan(po zmianach)",Zaangażowanie,"Wydatkiwykonane","w tym wymagalne:ogółempowstałe wpowstałe w rokulatach ubiegłychbieżącym",,,,
"",,,,,,,"powstałe wlatach ubiegłych","powstałe w rokubieżącym",,
1,2,3,4,5,6,7,8,9,10,11
Razem dział,010,"6 000,00","0,00","0,00","0,00","0,00","0,00","0,00","0,00",
Razem dział,600,"14 713 676,00","7 795 983,72","691 839,25","37,50","0,00","0,00","0,00","0,00",
Razem dział,630,"50 000,00","12 300,00","12 300,00","0,00","0,00","0,00","0,00","0,00",
Razem dział,700,"5 510 100,00","2 025 812,19","1 236 824,35","34 702,46","0,00","0,00","0,00","0,00",
Razem dział,710,"481 000,00","177 674,98","60 352,34","7 375,00","0,00","0,00","0,00","0,00",
Razem dział,750,"11 076 747,00","8 426 159,56","2 655 795,72","484 820,46","0,00","0,00","0,00","0,00",
Razem dział,751,"5 900,00","0,00","0,00","0,00","0,00","0,00","0,00","0,00",
Razem dział,752,"920,00","0,00","0,00","0,00","0,00","0,00","0,00","0,00",
Razem dział,754,"1 673 950,00","1 160 933,97","331 312,70","70 921,45","0,00","0,00","0,00","0,00",
"w tym wymagalne:ogółempowstałe wpowstałe w rokulatach ubiegłychbieżącym",
"powstałe wlatach ubiegłych","powstałe w rokubieżącym"
1,2,3,4,5,6,7,8,9,10,11
Razem dział,757,"1 500 000,00","222 444,95","222 444,95","0,00","0,00","0,00","0,00","0,00",
Razem dział,758,"591 036,00","0,00","0,00","0,00","0,00","0,00","0,00","0,00",
Razem dział,801,"35 548 602,00","28 648 041,32","8 988 225,99","1 696 440,39","0,00","0,00","0,00","0,00",
Razem dział,851,"1 053 745,00","715 201,19","210 375,87","37 909,02","0,00","0,00","0,00","0,00",
Razem dział,852,"5 687 415,86","3 300 407,49","1 352 599,63","142 563,46","0,00","0,00","0,00","0,00",
Razem dział,853,"19 000,00","0,00","0,00","0,00","0,00","0,00","0,00","0,00",
Razem dział,854,"2 272 640,00","1 920 989,55","590 558,68","124 764,93","0,00","0,00","0,00","0,00",
Razem dział,855,"24 168 417,20","7 213 527,85","6 663 813,03","68 065,86","0,00","0,00","0,00","0,00",
Razem dział,900,"12 758 414,00","3 391 850,78","2 347 046,70","446 838,29","0,00","0,00","0,00","0,00",
Razem dział,921,"4 636 500,00","4 274 500,00","1 031 700,00","0,00","0,00","0,00","0,00","0,00",
Razem dział,926,"5 719 580,00","3 611 515,85","1 027 543,42","380 984,74","0,00","0,00","0,00","0,00",
RAZEM,"127 473 643,06","72 897 343,40","27 422 732,63","3 495 423,56","0,00","0,00","0,00","0,00",,
Wyjaśnienia do sprawozdania Rb-28S
